référence;nom de l’article;partie du vêtement;produits de coloration;pourcentage de la matière;matieres;étape
200000;chemise en popeline;extérieur;colorants au chrome;100;coton;Préparation de tissu
200001;chemise en popeline;extérieur;colorants au chrome;100;coton;Préparation de tissu
200002;blouse métallique hilo;extérieur;colorants acides;62; viscose; Production de fibres
200002;blouse métallique hilo;extérieur;colorants metallifères;37;fibre métallique;Elimination
200002;blouse métallique hilo;extérieur;colorants azoïques;1;élasthanne;Preparation de fil
200003;blouse en satin alamares;extérieur;colorants acides;100; viscose; Production de fibres
200004;blouse courte imprimé;extérieur;colorants dispersés;100;polyester;Teinture et finition
200005;blouse courte imprimé;extérieur;colorants dispersés;100;polyester;Teinture et finition
200006;blouse imprimé velours;doublure;colorants dispersés;100;polyester;Teinture et finition
200007;blouse en satin imprimé;extérieur;colorants dispersés;100;polyester;Teinture et finition
200008;blouse à poche en colorants réactifs;extérieur;colorants réactifs;100;lin;Distribution
200009;blouse à poche en colorants réactifs;extérieur;colorants réactifs;100;lin;Distribution
200010;blouse à poche en colorants réactifs;extérieur;colorants réactifs;100;lin;Distribution
200011;blouse en satin avec poches;extérieur;colorants acides;100; viscose; Production de fibres
200012;blouse en satin avec poches;extérieur;colorants acides;100; viscose; Production de fibres
200013;blouse en satin avec poches;extérieur;colorants acides;100; viscose; Production de fibres
200014;blouse en satin imprimé;extérieur;colorants dispersés;100;polyester;Teinture et finition
200015;blouse courte à nœud;extérieur;colorants acides;100; viscose; Production de fibres
200016;blouse courte à nœud;extérieur;colorants acides;100; viscose; Production de fibres
200017;chemise en popeline;extérieur;colorants au chrome;100;coton;Préparation de tissu
200018;chemise en popeline;extérieur;colorants au chrome;100;coton;Préparation de tissu
200019;blouse jacquard;extérieur;colorants acides;52; viscose; Production de fibres
200019;blouse jacquard;extérieur;colorants dispersés;42;polyester;Teinture et finition
200019;blouse jacquard;extérieur;colorants azoïques;6;élasthanne;Preparation de fil
200020;blouse fluide à volants;extérieur;colorants dispersés;100;polyester;Teinture et finition
200021;chemise en popeline;extérieur;colorants au chrome;100;coton;Préparation de tissu
200022;chemise satinée;extérieur;colorants dispersés;100;polyester;Teinture et finition
200023;blouse imprimé avec ceinture;extérieur;colorants dispersés;100;polyester;Teinture et finition
200024;blouse courte imprimé;extérieur;colorants dispersés;100;polyester;Teinture et finition
200024;blouse courte imprimé;doublure;colorants dispersés;100;polyester;Teinture et finition
200026;chemise satinée;extérieur;colorants dispersés;100;polyester;Teinture et finition
200027;chemise satinée;extérieur;colorants dispersés;100;polyester;Teinture et finition
200028;chemise satinée;extérieur;colorants dispersés;100;polyester;Teinture et finition
200029;chemise satinée;extérieur;colorants dispersés;100;polyester;Teinture et finition
200030;chemise satinée;extérieur;colorants dispersés;100;polyester;Teinture et finition
200031;chemise satinée;extérieur;colorants dispersés;100;polyester;Teinture et finition
200032;blouse longue imprimé animal;extérieur;colorants dispersés;100;polyester;Teinture et finition
200033;blouse fluide avec poches;extérieur;colorants réactifs;97;lyocell;Assemblée
200033;blouse fluide avec poches;extérieur;colorants dispersés;3;polyester;Teinture et finition
200034;blouse longue bas doré;extérieur;colorants réactifs;79;lyocell;Assemblée
200034;blouse longue bas doré;extérieur;colorants acides;18;polyamide;Assemblée
200034;blouse longue bas doré;extérieur;colorants azoïques;3;élasthanne;Preparation de fil
200035;blouse satin nœud;extérieur;colorants acides;100; viscose; Production de fibres
200037;blouse nœud;extérieur;colorants dispersés;100;polyester;Teinture et finition
200039;blouse à pois;extérieur;colorants réactifs;74;lyocell;Assemblée
200039;blouse à pois;extérieur;colorants dispersés;26;nylon;Distribution
200040;corps à manches drappées;extérieur;colorants dispersés;100;polyester;Teinture et finition
200041;blouse courte à nœud;extérieur;colorants acides;100; viscose; Production de fibres
200042;blouse à nœud imprimé ;extérieur;colorants dispersés;97;polyester;Teinture et finition
200042;blouse à nœud imprimé ;extérieur;colorants azoïques;3;élasthanne;Preparation de fil
200043;chemise satinée;extérieur;colorants dispersés;100;polyester;Teinture et finition
200044;blouse longue imprimé animal;extérieur;colorants dispersés;100;polyester;Teinture et finition
200045;blouse jacquard volants;extérieur;colorants acides;55; viscose; Production de fibres
200045;blouse jacquard volants;extérieur;colorants dispersés;40;polyester;Teinture et finition
200045;blouse jacquard volants;extérieur;colorants azoïques;5;élasthanne;Preparation de fil
200046;chemise en popeline;extérieur;colorants au chrome;100;coton;Préparation de tissu
200047;blouse effet métallique ;extérieur;colorants dispersés;53;polyester;Teinture et finition
200047;blouse effet métallique ;extérieur;colorants metallifères;47;fibre métallique;Elimination
200048;blouse nœud;extérieur;colorants dispersés;100;polyester;Teinture et finition
200049;chemisier structuré;extérieur;colorants acides;77; viscose; Production de fibres
200049;chemisier structuré;extérieur;colorants réactifs;19;laine;Elimination
200049;chemisier structuré;extérieur;colorants acides;4;polyamide;Assemblée
200050;blouse plissées à nœud;extérieur;colorants dispersés;100;polyester;Teinture et finition
200051;blouse courte imprimé;extérieur;colorants dispersés;100;polyester;Teinture et finition
200052;blouse fluide avec poches;extérieur;colorants réactifs;97;lyocell;Assemblée
200052;blouse fluide avec poches;extérieur;colorants dispersés;3;polyester;Teinture et finition
200053;chemise en popeline;extérieur;colorants au chrome;100;coton;Préparation de tissu
200055;blouse en satin aves épaules;extérieur;colorants acides;100; viscose; Production de fibres
200056;body en satin croisé;extérieur;colorants dispersés;100;polyester;Teinture et finition
200057;blouse jacquard;extérieur;colorants acides;100; viscose; Production de fibres
200058;blouse courte imprimé;extérieur;colorants dispersés;100;polyester;Teinture et finition
200059;blouse courte imprimé;extérieur;colorants dispersés;100;polyester;Teinture et finition
100000;robe imprimée;extérieur;colorants acides;100; viscose; Production de fibres
100001;robe en dentelle combinée;extérieur;colorants réactifs;97;lyocell;Assemblée
100001;robe en dentelle combinée;extérieur;colorants dispersés;3;polyester;Teinture et finition
100002;robe longue imprimée;extérieur;colorants dispersés;100;polyester;Teinture et finition
100002;robe longue imprimée;doublure;colorants dispersés;100;polyester;Teinture et finition
100003;robe midi imprimée;extérieur;colorants acides;100; viscose; Production de fibres
100004;robe midi dentelle;extérieur;colorants acides;100; viscose; Production de fibres
100006;robe midi avec ceinture;extérieur;colorants dispersés;100;polyester;Teinture et finition
100007;robe imprimée alamares;extérieur;colorants dispersés;100;polyester;Teinture et finition
100008;robe en maille;extérieur;colorants acides;58;acrylique;Distribution
100008;robe en maille;extérieur;colorants dispersés;30;polyester;Teinture et finition
100008;robe en maille;extérieur;colorants dispersés;12;nylon;Distribution
100009;robe imprimée fleuri;extérieur;colorants acides;100; viscose; Production de fibres
100011;robe midi satinée;extérieur;colorants acides;100; viscose; Production de fibres
100013;robe en maille perle;extérieur;colorants acides;59;acrylique;Distribution
100013;robe en maille perle;extérieur;colorants dispersés;30;polyester;Teinture et finition
100013;robe en maille perle;extérieur;colorants dispersés;11;nylon;Distribution
100014;robe taille satinée;extérieur;colorants dispersés;100;polyester;Teinture et finition
100015;robe imprimée laçée;extérieur;colorants acides;100; viscose; Production de fibres
100017;robe jacquard;extérieur;colorants acides;100; viscose; Production de fibres
100018;robe imprimée volume;extérieur;colorants dispersés;100;polyester;Teinture et finition
100018;robe imprimée volume;doublure;colorants dispersés;100;polyester;Teinture et finition
100019;robe fluide avec épaulettes;extérieur;colorants dispersés;100;polyester;Teinture et finition
100019;robe fluide avec épaulettes;doublure;colorants dispersés;100;polyester;Teinture et finition
100021;mini robe avec ouverture;extérieur;colorants dispersés;100;polyester;Teinture et finition
100022;robe volume;extérieur;colorants au chrome;100;coton;Préparation de tissu
100024;robe à épaulette;extérieur;colorants au chrome;100;coton;Préparation de tissu
100025;robe fluide;extérieur;colorants réactifs;100;lyocell;Assemblée
100026;robe drapée;extérieur;colorants dispersés;71;polyester;Teinture et finition
100026;robe drapée;extérieur;colorants acides;23; viscose; Production de fibres
100026;robe drapée;extérieur;colorants azoïques;6;élasthanne;Preparation de fil
100027;robe imprimée animal;extérieur;colorants acides;100; viscose; Production de fibres
100028;robe lingérie froncée;extérieur;colorants acides;100; viscose; Production de fibres
100029;robe mini imprimée;extérieur;colorants dispersés;100;polyester;Teinture et finition
100029;robe mini imprimée;doublure;colorants acides;100; viscose; Production de fibres
100030;Robe en fil métallique ;extérieur;colorants acides;60; viscose; Production de fibres
100030;Robe en fil métallique ;extérieur;colorants dispersés;37;polyester;Teinture et finition
100030;Robe en fil métallique ;extérieur;colorants metallifères;3;fibre métallique;Elimination
100030;Robe en fil métallique ;doublure;colorants dispersés;100;polyester;Teinture et finition
100031;robe imprimée animal;extérieur;colorants dispersés;100;polyester;Teinture et finition
100031;robe imprimée animal;doublure;colorants dispersés;100;polyester;Teinture et finition
100032;chemise habillée;extérieur;colorants au chrome;59;coton;Préparation de tissu
100032;chemise habillée;extérieur;colorants acides;35;polyamide;Assemblée
100032;chemise habillée;extérieur;colorants azoïques;6;élasthanne;Preparation de fil
100032;chemise habillée;doublure;colorants dispersés;100;polyester;Teinture et finition
100033;robe mini à pois;extérieur;colorants dispersés;100;polyester;Teinture et finition
100034;robe jacquard ceinture;extérieur;colorants dispersés;100;polyester;Teinture et finition
100035;robe lingerie froncée;extérieur;colorants acides;100; viscose; Production de fibres
100036;robe rembourrée jacquardaux épaules ;extérieur;colorants dispersés;54;polyester;Teinture et finition
100036;robe rembourrée jacquardaux épaules ;extérieur;colorants au chrome;45;coton;Préparation de tissu
100036;robe rembourrée jacquardaux épaules ;extérieur;colorants azoïques;1;élasthanne;Preparation de fil
100037;robe fluide;extérieur;colorants dispersés;100;polyester;Teinture et finition
100037;robe fluide;doublure;colorants dispersés;100;polyester;Teinture et finition
100038;robe drapée imprimée;extérieur;colorants acides;100; viscose; Production de fibres
100039;robe longue imprimée animal;extérieur;colorants dispersés;100;polyester;Teinture et finition
100039;robe longue imprimée animal;doublure;colorants dispersés;100;polyester;Teinture et finition
100040;robe imprimée;extérieur;colorants acides;100; viscose; Production de fibres
100041;robe structurée;extérieur;colorants dispersés;99;polyester;Teinture et finition
100041;robe structurée;extérieur;colorants azoïques;1;élasthanne;Preparation de fil
100042;robe à bouton;extérieur;colorants réactifs;100;lyocell;Assemblée
100043;robe mini plumeti;doublure;colorants dispersés;100;polyester;Teinture et finition
100044;robe midi imprimée;extérieur;colorants acides;100; viscose; Production de fibres
100045;robe fluide drapée;extérieur;colorants dispersés;100;polyester;Teinture et finition
100045;robe fluide drapée;doublure;colorants dispersés;100;polyester;Teinture et finition
100046;robe mini imprimée;extérieur;colorants acides;100; viscose; Production de fibres
100047;robe rembourrée jacquardaux épaules ;extérieur;colorants dispersés;54;polyester;Teinture et finition
100047;robe rembourrée jacquardaux épaules ;extérieur;colorants au chrome;45;coton;Préparation de tissu
100047;robe rembourrée jacquardaux épaules ;extérieur;colorants azoïques;1;élasthanne;Preparation de fil
100048;robe en fronce;extérieur;colorants au chrome;100;coton;Préparation de tissu
100050;robe à épaulette;extérieur;colorants dispersés;100;polyester;Teinture et finition
100051;vêtement ajusté;extérieur;colorants au chrome;53;coton;Préparation de tissu
100051;vêtement ajusté;extérieur;colorants dispersés;44;polyester;Teinture et finition
100051;vêtement ajusté;extérieur;colorants azoïques;3;élasthanne;Preparation de fil
100052;robe imprimée;extérieur;colorants dispersés;100;polyester;Teinture et finition
100053;robe côtelée;extérieur;colorants au chrome;96;coton;Préparation de tissu
100053;robe côtelée;extérieur;colorants azoïques;4;élasthanne;Preparation de fil
100054;chemise habillée imprimée;extérieur;colorants acides;100; viscose; Production de fibres
100055;robe en velours;extérieur;colorants dispersés;92;polyester;Teinture et finition
100055;robe en velours;extérieur;colorants azoïques;8;élasthanne;Preparation de fil
100056;robe à épaulette;extérieur;colorants au chrome;100;coton;Préparation de tissu
100057;robe côtelée;extérieur;colorants au chrome;96;coton;Préparation de tissu
100057;robe côtelée;extérieur;colorants azoïques;4;élasthanne;Preparation de fil
300000;mini jupe à rayures diplmate;extérieur;colorants dispersés;63;polyester;Teinture et finition
300000;mini jupe à rayures diplmate;extérieur;colorants acides;33; viscose; Production de fibres
300000;mini jupe à rayures diplmate;extérieur;colorants azoïques;4;élasthanne;Preparation de fil
300001;mini jupe à rayures diplmate;extérieur;colorants dispersés;63;polyester;Teinture et finition
300001;mini jupe à rayures diplmate;extérieur;colorants acides;33; viscose; Production de fibres
300001;mini jupe à rayures diplmate;extérieur;colorants azoïques;4;élasthanne;Preparation de fil
300002;mini jupe à rayures diplmate;extérieur;colorants dispersés;63;polyester;Teinture et finition
300002;mini jupe à rayures diplmate;extérieur;colorants acides;33; viscose; Production de fibres
300002;mini jupe à rayures diplmate;extérieur;colorants azoïques;4;élasthanne;Preparation de fil
300003;pantalon mini-jupe ;extérieur;colorants dispersés;90;polyester;Teinture et finition
300003;pantalon mini-jupe ;extérieur;colorants azoïques;10;élasthanne;Preparation de fil
300004;mini jupe à volants;extérieur;colorants dispersés;100;polyester;Teinture et finition
300004;mini jupe à volants;doublure;colorants dispersés;100;polyester;Teinture et finition
300009;short en jersey doux au toucher;extérieur;colorants dispersés;33;polyester;Teinture et finition
300009;short en jersey doux au toucher;extérieur;colorants acides;22;polyamide;Assemblée
300009;short en jersey doux au toucher;extérieur;colorants acides;21;acrylique;Distribution
300009;short en jersey doux au toucher;extérieur;colorants réactifs;10;laine;Elimination
300009;short en jersey doux au toucher;extérieur;colorants acides;10;chameau;Elimination
300009;short en jersey doux au toucher;extérieur;colorants azoïques;4;élasthanne;Preparation de fil
300010;short peluche;extérieur;colorants au chrome;100;coton;Préparation de tissu
300012;short à boutons;extérieur;colorants dispersés;64;polyester;Teinture et finition
300012;short à boutons;extérieur;colorants acides;34; viscose; Production de fibres
300012;short à boutons;extérieur;colorants azoïques;2;élasthanne;Preparation de fil
300012;short à boutons;doublure;colorants dispersés;100;polyester;Teinture et finition
300013;bermuda structuré;extérieur;colorants au chrome;100;coton;Préparation de tissu
300013;bermuda structuré;doublure;colorants dispersés;100;polyester;Teinture et finition
300014;short à boutons;extérieur;colorants dispersés;64;polyester;Teinture et finition
300014;short à boutons;extérieur;colorants acides;31; viscose; Production de fibres
300014;short à boutons;extérieur;colorants azoïques;5;élasthanne;Preparation de fil
300014;short à boutons;doublure;colorants dispersés;100;polyester;Teinture et finition
300015;jupe peluche;extérieur;colorants au chrome;70;coton;Préparation de tissu
300015;jupe peluche;extérieur;colorants dispersés;30;polyester;Teinture et finition
300016;jupe peluche;extérieur;colorants au chrome;70;coton;Préparation de tissu
300016;jupe peluche;extérieur;colorants dispersés;30;polyester;Teinture et finition
300017;jupe peluche;extérieur;colorants au chrome;70;coton;Préparation de tissu
300017;jupe peluche;extérieur;colorants dispersés;30;polyester;Teinture et finition
300021;shorts en carreaux;extérieur;colorants dispersés;66;polyester;Teinture et finition
300021;shorts en carreaux;extérieur;colorants acides;32; viscose; Production de fibres
300021;shorts en carreaux;extérieur;colorants azoïques;2;élasthanne;Preparation de fil
300022;shorts droit;extérieur;colorants dispersés;77;polyester;Teinture et finition
300022;shorts droit;extérieur;colorants acides;18; viscose; Production de fibres
300022;shorts droit;extérieur;colorants azoïques;5;élasthanne;Preparation de fil
300023;jupe imprimée à nœud;extérieur;colorants acides;100; viscose; Production de fibres
300024;jupe plissée imprimée;extérieur;colorants dispersés;100;polyester;Teinture et finition
300025;jupe plissée imprimée;extérieur;colorants dispersés;100;polyester;Teinture et finition
300026;bermuda structuré;extérieur;colorants au chrome;100;coton;Préparation de tissu
300026;bermuda structuré;doublure;colorants dispersés;100;polyester;Teinture et finition
300027;bermuda structuré;extérieur;colorants au chrome;100;coton;Préparation de tissu
300027;bermuda structuré;doublure;colorants dispersés;100;polyester;Teinture et finition
300028;bermuda carreaux;extérieur;colorants dispersés;63;polyester;Teinture et finition
300028;bermuda carreaux;extérieur;colorants acides;34; viscose; Production de fibres
300028;bermuda carreaux;extérieur;colorants azoïques;3;élasthanne;Preparation de fil
300029;jupe en velours;extérieur;colorants au chrome;100;coton;Préparation de tissu
300030;jupe en jacquard;extérieur;colorants dispersés;78;polyester;Teinture et finition
300030;jupe en jacquard;extérieur;colorants acides;22;polyamide;Assemblée
300032;shorts en satin;extérieur;colorants dispersés;98;polyester;Teinture et finition
300032;shorts en satin;extérieur;colorants azoïques;2;élasthanne;Preparation de fil
300032;shorts en satin;doublure;colorants dispersés;100;polyester;Teinture et finition
300034;shorts en satin;extérieur;colorants dispersés;98;polyester;Teinture et finition
300034;shorts en satin;extérieur;colorants azoïques;2;élasthanne;Preparation de fil
300034;shorts en satin;doublure;colorants dispersés;100;polyester;Teinture et finition
300035;jupe pantalon;extérieur;colorants dispersés;77;polyester;Teinture et finition
300035;jupe pantalon;extérieur;colorants acides;18; viscose; Production de fibres
300035;jupe pantalon;extérieur;colorants azoïques;5;élasthanne;Preparation de fil
300036;jupe bermuda imprimé;extérieur;colorants acides;100; viscose; Production de fibres
300037;jupe bermuda imprimé;extérieur;colorants acides;100; viscose; Production de fibres
300038;jupe bermuda imprimé;extérieur;colorants acides;100; viscose; Production de fibres
300039;jupe bermuda imprimé;extérieur;colorants acides;100; viscose; Production de fibres
300040;jupe bermuda imprimé;extérieur;colorants acides;100; viscose; Production de fibres
300045;mini jupe d'ouverture;extérieur;colorants dispersés;100;polyester;Teinture et finition
300046;mini jupe drapée;extérieur;colorants dispersés;50;polyester;Teinture et finition
300046;mini jupe drapée;extérieur;colorants acides;30; viscose; Production de fibres
300046;mini jupe drapée;extérieur;colorants réactifs;19;laine;Elimination
300046;mini jupe drapée;extérieur;colorants azoïques;1;élasthanne;Preparation de fil
300046;mini jupe drapée;doublure;colorants acides;100; viscose; Production de fibres
300047;mini jupe à volants;extérieur;colorants dispersés;100;polyester;Teinture et finition
300047;mini jupe à volants;doublure;colorants dispersés;100;polyester;Teinture et finition
300048;jupe en velours;extérieur;colorants acides;74; viscose; Production de fibres
300048;jupe en velours;extérieur;colorants acides;26;polyamide;Assemblée
300049;mini jupe en velours à franges;extérieur;colorants dispersés;100;polyester;Teinture et finition
300050;jupe midi imprimée;extérieur;colorants réactifs;100;cupro;Elimination
300051;jupe aux toucher doux;extérieur;colorants dispersés;68;polyester;Teinture et finition
300051;jupe aux toucher doux;extérieur;colorants au chrome;32;coton;Préparation de tissu
300052;jupe imprimée;extérieur;colorants dispersés;100;polyester;Teinture et finition
300052;jupe imprimée;doublure;colorants dispersés;100;polyester;Teinture et finition
300053;jupe crayon avec coutures;extérieur;colorants dispersés;68;polyester;Teinture et finition
300053;jupe crayon avec coutures;extérieur;colorants acides;28; viscose; Production de fibres
300053;jupe crayon avec coutures;extérieur;colorants azoïques;4;élasthanne;Preparation de fil
300053;jupe crayon avec coutures;doublure;colorants dispersés;100;polyester;Teinture et finition
300054;jupe plissée à carreaux;extérieur;colorants dispersés;76;polyester;Teinture et finition
300054;jupe plissée à carreaux;extérieur;colorants acides;22; viscose; Production de fibres
300054;jupe plissée à carreaux;extérieur;colorants azoïques;2;élasthanne;Preparation de fil
300057;mini jupe avec poche;extérieur;colorants au chrome;100;coton;Préparation de tissu
300059;jupe mini combinée;extérieur;colorants acides;33;acrylique;Distribution
300059;jupe mini combinée;extérieur;colorants au chrome;30;coton;Préparation de tissu
300059;jupe mini combinée;extérieur;colorants dispersés;25;polyester;Teinture et finition
300059;jupe mini combinée;extérieur;colorants acides;12; viscose; Production de fibres
400000;corps perkins serge;extérieur;colorants dispersés;96;polyester;Teinture et finition
400000;corps perkins serge;extérieur;colorants azoïques;4;élasthanne;Preparation de fil
400001;corps perkins serge;extérieur;colorants dispersés;96;polyester;Teinture et finition
400001;corps perkins serge;extérieur;colorants azoïques;4;élasthanne;Preparation de fil
400002;corps perkins serge;extérieur;colorants dispersés;96;polyester;Teinture et finition
400002;corps perkins serge;extérieur;colorants azoïques;4;élasthanne;Preparation de fil
400005;t-shirt à capuche;extérieur;colorants au chrome;49;coton;Préparation de tissu
400005;t-shirt à capuche;extérieur;colorants dispersés;48;modal;Elimination
400005;t-shirt à capuche;extérieur;colorants azoïques;3;élasthanne;Preparation de fil
400005;t-shirt à capuche;doublure;colorants au chrome;100;coton;Préparation de tissu
400006;top côtelé à col montant;extérieur;colorants au chrome;95;coton;Préparation de tissu
400006;top côtelé à col montant;extérieur;colorants azoïques;5;élasthanne;Preparation de fil
400007;top côtelé à col montant;extérieur;colorants au chrome;95;coton;Préparation de tissu
400007;top côtelé à col montant;extérieur;colorants azoïques;5;élasthanne;Preparation de fil
400008;top côtelé à col montant;extérieur;colorants au chrome;95;coton;Préparation de tissu
400008;top côtelé à col montant;extérieur;colorants azoïques;5;élasthanne;Preparation de fil
400009;veste côtelée à bouton;extérieur;colorants au chrome;88;coton;Préparation de tissu
400009;veste côtelée à bouton;extérieur;colorants azoïques;7;élasthanne;Preparation de fil
400009;veste côtelée à bouton;extérieur;colorants acides;5; viscose; Production de fibres
400010;veste côtelée à bouton;extérieur;colorants au chrome;88;coton;Préparation de tissu
400010;veste côtelée à bouton;extérieur;colorants azoïques;7;élasthanne;Preparation de fil
400010;veste côtelée à bouton;extérieur;colorants acides;5; viscose; Production de fibres
400011;veste côtelée à bouton;extérieur;colorants au chrome;88;coton;Préparation de tissu
400011;veste côtelée à bouton;extérieur;colorants azoïques;7;élasthanne;Preparation de fil
400011;veste côtelée à bouton;extérieur;colorants acides;5; viscose; Production de fibres
400012;t-shirt de qualité supérieure;extérieur;colorants au chrome;100;coton;Préparation de tissu
400013;t-shirt de qualité supérieure;extérieur;colorants au chrome;100;coton;Préparation de tissu
400014;t-shirt de qualité supérieure;extérieur;colorants au chrome;100;coton;Préparation de tissu
400015;t-shirt de qualité supérieure;extérieur;colorants au chrome;100;coton;Préparation de tissu
400016;t-shirt de qualité supérieure;extérieur;colorants au chrome;100;coton;Préparation de tissu
400017;top à capuche collection contour limitless;extérieur;colorants dispersés;95;nylon;Distribution
400017;top à capuche collection contour limitless;extérieur;colorants azoïques;5;élasthanne;Preparation de fil
400018; collection contour sans  limite;extérieur;colorants dispersés;95;nylon;Distribution
400018; collection contour sans  limite;extérieur;colorants azoïques;5;élasthanne;Preparation de fil
400019;chemise côtelée;extérieur;colorants au chrome;95;coton;Préparation de tissu
400019;chemise côtelée;extérieur;colorants azoïques;5;élasthanne;Preparation de fil
400020;chemise côtelée;extérieur;colorants au chrome;95;coton;Préparation de tissu
400020;chemise côtelée;extérieur;colorants azoïques;5;élasthanne;Preparation de fil
400021;chemise côtelée;extérieur;colorants au chrome;95;coton;Préparation de tissu
400021;chemise côtelée;extérieur;colorants azoïques;5;élasthanne;Preparation de fil
400022;chemise côtelée;extérieur;colorants au chrome;95;coton;Préparation de tissu
400022;chemise côtelée;extérieur;colorants azoïques;5;élasthanne;Preparation de fil
400023;chemise côtelée;extérieur;colorants au chrome;95;coton;Préparation de tissu
400023;chemise côtelée;extérieur;colorants azoïques;5;élasthanne;Preparation de fil
400024;body côtelé;extérieur;colorants acides;49; viscose; Production de fibres
400024;body côtelé;extérieur;colorants dispersés;28;polyester;Teinture et finition
400024;body côtelé;extérieur;colorants acides;23;polyamide;Assemblée
400025;body côtelé;extérieur;colorants acides;97; viscose; Production de fibres
400025;body côtelé;extérieur;colorants azoïques;3;élasthanne;Preparation de fil
400026;body épaulettes;extérieur;colorants au chrome;92;coton;Préparation de tissu
400026;body épaulettes;extérieur;colorants azoïques;8;élasthanne;Preparation de fil
400027;body dos-nu;extérieur;colorants au chrome;92;coton;Préparation de tissu
400027;body dos-nu;extérieur;colorants azoïques;8;élasthanne;Preparation de fil
400028;body décolleté en cœur;extérieur;colorants au chrome;42;coton;Préparation de tissu
400028;body décolleté en cœur;extérieur;colorants dispersés;39;modal;Elimination
400028;body décolleté en cœur;extérieur;colorants dispersés;16;polyester;Teinture et finition
400028;body décolleté en cœur;extérieur;colorants azoïques;3;élasthanne;Preparation de fil
400029;body côtelé à boutons;extérieur;colorants acides;55; viscose; Production de fibres
400029;body côtelé à boutons;extérieur;colorants acides;25;polyamide;Assemblée
400029;body côtelé à boutons;extérieur;colorants dispersés;20;polyester;Teinture et finition
400030;body en dentelle;extérieur;colorants acides;92;polyamide;Assemblée
400030;body en dentelle;extérieur;colorants azoïques;8;élasthanne;Preparation de fil
400031;body en dentelle;extérieur;colorants acides;92;polyamide;Assemblée
400031;body en dentelle;extérieur;colorants azoïques;8;élasthanne;Preparation de fil
400032;body en dentelle;extérieur;colorants acides;92;polyamide;Assemblée
400032;body en dentelle;extérieur;colorants azoïques;8;élasthanne;Preparation de fil
400033;body côtelé à boutons;extérieur;colorants acides;55; viscose; Production de fibres
400033;body côtelé à boutons;extérieur;colorants acides;25;polyamide;Assemblée
400033;body côtelé à boutons;extérieur;colorants dispersés;20;polyester;Teinture et finition
400034;body côtelé à boutons;extérieur;colorants acides;55; viscose; Production de fibres
400034;body côtelé à boutons;extérieur;colorants acides;25;polyamide;Assemblée
400034;body côtelé à boutons;extérieur;colorants dispersés;20;polyester;Teinture et finition
400035;chemise à pression;extérieur;colorants au chrome;96;coton;Préparation de tissu
400035;chemise à pression;extérieur;colorants azoïques;4;élasthanne;Preparation de fil
400036;chemise à pression;extérieur;colorants au chrome;96;coton;Préparation de tissu
400036;chemise à pression;extérieur;colorants azoïques;4;élasthanne;Preparation de fil
400037;chemise à pression;extérieur;colorants au chrome;96;coton;Préparation de tissu
400037;chemise à pression;extérieur;colorants azoïques;4;élasthanne;Preparation de fil
400038;chemise à pression;extérieur;colorants au chrome;96;coton;Préparation de tissu
400038;chemise à pression;extérieur;colorants azoïques;4;élasthanne;Preparation de fil
400039;chemise à pression;extérieur;colorants au chrome;96;coton;Préparation de tissu
400039;chemise à pression;extérieur;colorants azoïques;4;élasthanne;Preparation de fil
400040;chemise côtelée volants;extérieur;colorants au chrome;95;coton;Préparation de tissu
400040;chemise côtelée volants;extérieur;colorants azoïques;5;élasthanne;Preparation de fil
400041;chemise côtelée volants;extérieur;colorants au chrome;95;coton;Préparation de tissu
400041;chemise côtelée volants;extérieur;colorants azoïques;5;élasthanne;Preparation de fil
400042;chemise côtelée volants;extérieur;colorants au chrome;95;coton;Préparation de tissu
400042;chemise côtelée volants;extérieur;colorants azoïques;5;élasthanne;Preparation de fil
400043;veste courte;extérieur;colorants acides;49; viscose; Production de fibres
400043;veste courte;extérieur;colorants dispersés;29;polyester;Teinture et finition
400043;veste courte;extérieur;colorants acides;22;polyamide;Assemblée
400044;veste courte;extérieur;colorants acides;49; viscose; Production de fibres
400044;veste courte;extérieur;colorants dispersés;29;polyester;Teinture et finition
400044;veste courte;extérieur;colorants acides;22;polyamide;Assemblée
400045;corp côtelée soft touch;extérieur;colorants acides;74; viscose; Production de fibres
400045;corp côtelée soft touch;extérieur;colorants dispersés;22;polyester;Teinture et finition
400045;corp côtelée soft touch;extérieur;colorants azoïques;4;élasthanne;Preparation de fil
400046;corp côtelée soft touch;extérieur;colorants acides;74; viscose; Production de fibres
400046;corp côtelée soft touch;extérieur;colorants dispersés;22;polyester;Teinture et finition
400046;corp côtelée soft touch;extérieur;colorants azoïques;4;élasthanne;Preparation de fil
400047;corp côtelée soft touch;extérieur;colorants acides;74; viscose; Production de fibres
400047;corp côtelée soft touch;extérieur;colorants dispersés;22;polyester;Teinture et finition
400047;corp côtelée soft touch;extérieur;colorants azoïques;4;élasthanne;Preparation de fil
400048;coco capitan collaboration t-shirt unisexe;extérieur;colorants au chrome;100;coton;Préparation de tissu
400049;coco capitan collaboration t-shirt unisexe;extérieur;colorants au chrome;100;coton;Préparation de tissu
400050;coco capitan collaboration t-shirt unisexe;extérieur;colorants au chrome;100;coton;Préparation de tissu
400051;coco capitan collaboration t-shirt unisexe;extérieur;colorants au chrome;100;coton;Préparation de tissu
400052;coco capitan collaboration t-shirt unisexe;extérieur;colorants au chrome;100;coton;Préparation de tissu
400053;corps court;extérieur;colorants acides;49; viscose; Production de fibres
400053;corps court;extérieur;colorants dispersés;46;polyester;Teinture et finition
400053;corps court;extérieur;colorants azoïques;5;élasthanne;Preparation de fil
400054;corps court;extérieur;colorants acides;49; viscose; Production de fibres
400054;corps court;extérieur;colorants dispersés;46;polyester;Teinture et finition
400054;corps court;extérieur;colorants azoïques;5;élasthanne;Preparation de fil
400055;corps court;extérieur;colorants acides;49; viscose; Production de fibres
400055;corps court;extérieur;colorants dispersés;46;polyester;Teinture et finition
400055;corps court;extérieur;colorants azoïques;5;élasthanne;Preparation de fil
400056;chemise rayée;extérieur;colorants au chrome;100;coton;Préparation de tissu
400057;body côtelé;extérieur;colorants au chrome;95;coton;Préparation de tissu
400057;body côtelé;extérieur;colorants azoïques;5;élasthanne;Preparation de fil
400058;body côtelé;extérieur;colorants au chrome;95;coton;Préparation de tissu
400058;body côtelé;extérieur;colorants azoïques;5;élasthanne;Preparation de fil
400059;body côtelé;extérieur;colorants au chrome;95;coton;Préparation de tissu
400059;body côtelé;extérieur;colorants azoïques;5;élasthanne;Preparation de fil
500000;pantalon taille haute avec ceinture;extérieur;colorants dispersés;76;polyester;Teinture et finition
500000;pantalon taille haute avec ceinture;extérieur;colorants acides;17; viscose; Production de fibres
500000;pantalon taille haute avec ceinture;extérieur;colorants azoïques;7;élasthanne;Preparation de fil
500001;pantalon culotte;extérieur;colorants dispersés;100;polyester;Teinture et finition
500003;pantalon large plein longueur;extérieur;colorants dispersés;64;polyester;Teinture et finition
500003;pantalon large plein longueur;extérieur;colorants acides;31; viscose; Production de fibres
500003;pantalon large plein longueur;extérieur;colorants azoïques;5;élasthanne;Preparation de fil
500004;jogging en maille;extérieur;colorants acides;46; viscose; Production de fibres
500004;jogging en maille;extérieur;colorants dispersés;28;nylon;Distribution
500004;jogging en maille;extérieur;colorants dispersés;26;polyester;Teinture et finition
500005;jogging en maille;extérieur;colorants acides;46; viscose; Production de fibres
500005;jogging en maille;extérieur;colorants dispersés;28;nylon;Distribution
500005;jogging en maille;extérieur;colorants dispersés;26;polyester;Teinture et finition
500006;pantalon large plein longueur;extérieur;colorants dispersés;64;polyester;Teinture et finition
500006;pantalon large plein longueur;extérieur;colorants acides;31; viscose; Production de fibres
500006;pantalon large plein longueur;extérieur;colorants azoïques;5;élasthanne;Preparation de fil
500007;pantalon effet cuir;doublure;colorants dispersés;100;polyester;Teinture et finition
500010;jogging en maille;extérieur;colorants acides;46; viscose; Production de fibres
500010;jogging en maille;extérieur;colorants dispersés;28;nylon;Distribution
500010;jogging en maille;extérieur;colorants dispersés;26;polyester;Teinture et finition
500011;pantalon de course;extérieur;colorants réactifs;55;lyocell;Assemblée
500011;pantalon de course;extérieur;colorants au chrome;42;coton;Préparation de tissu
500011;pantalon de course;extérieur;colorants azoïques;3;élasthanne;Preparation de fil
500011;pantalon de course;doublure;colorants au chrome;100;coton;Préparation de tissu
500012;pantalon culotte avec ceinture;extérieur;colorants dispersés;74;polyester;Teinture et finition
500012;pantalon culotte avec ceinture;extérieur;colorants acides;20; viscose; Production de fibres
500012;pantalon culotte avec ceinture;extérieur;colorants azoïques;6;élasthanne;Preparation de fil
500013;leggings de vie super élastique;extérieur;colorants dispersés;77;nylon;Distribution
500013;leggings de vie super élastique;extérieur;colorants azoïques;23;élasthanne;Preparation de fil
500013;leggings de vie super élastique;doublure;colorants dispersés;77;nylon;Distribution
500013;leggings de vie super élastique;doublure;colorants azoïques;23;élasthanne;Preparation de fil
500014;pantalon de course;extérieur;colorants réactifs;55;lyocell;Assemblée
500014;pantalon de course;extérieur;colorants au chrome;42;coton;Préparation de tissu
500014;pantalon de course;extérieur;colorants azoïques;3;élasthanne;Preparation de fil
500015;pantalon de jogger ample;extérieur;colorants réactifs;65;lyocell;Assemblée
500015;pantalon de jogger ample;extérieur;colorants au chrome;24;coton;Préparation de tissu
500015;pantalon de jogger ample;extérieur;colorants réactifs;11;lin;Distribution
500016;pantalon taille haute;extérieur;colorants dispersés;100;polyester;Teinture et finition
500021;pantalon coupe chino double tissu;extérieur;colorants au chrome;51;coton;Préparation de tissu
500021;pantalon coupe chino double tissu;extérieur;colorants dispersés;46;polyester;Teinture et finition
500021;pantalon coupe chino double tissu;extérieur;colorants azoïques;3;élasthanne;Preparation de fil
500022;pantalon de course;extérieur;colorants réactifs;100;lyocell;Assemblée
500022;pantalon de course;doublure;colorants au chrome;100;coton;Préparation de tissu
500023;pantalon de course;extérieur;colorants dispersés;100;polyester;Teinture et finition
500024;pantalon culotte avec ceinture;extérieur;colorants dispersés;62;polyester;Teinture et finition
500024;pantalon culotte avec ceinture;extérieur;colorants acides;36; viscose; Production de fibres
500024;pantalon culotte avec ceinture;extérieur;colorants azoïques;2;élasthanne;Preparation de fil
500025;pantalon de costume texturé;extérieur;colorants dispersés;67;polyester;Teinture et finition
500025;pantalon de costume texturé;extérieur;colorants acides;29; viscose; Production de fibres
500025;pantalon de costume texturé;extérieur;colorants azoïques;4;élasthanne;Preparation de fil
500026;pantalon de costume à carreaux;extérieur;colorants dispersés;67;polyester;Teinture et finition
500026;pantalon de costume à carreaux;extérieur;colorants acides;31; viscose; Production de fibres
500026;pantalon de costume à carreaux;extérieur;colorants azoïques;2;élasthanne;Preparation de fil
500027;pantalon avec ceinture en raphia;extérieur;colorants dispersés;100;polyester;Teinture et finition
500028;pantalon de jogging zw;extérieur;colorants réactifs;55;lyocell;Assemblée
500028;pantalon de jogging zw;extérieur;colorants au chrome;42;coton;Préparation de tissu
500028;pantalon de jogging zw;extérieur;colorants azoïques;3;élasthanne;Preparation de fil
500028;pantalon de jogging zw;doublure;colorants au chrome;100;coton;Préparation de tissu
500029;pantalon taille haute avec ceinture;extérieur;colorants dispersés;76;polyester;Teinture et finition
500029;pantalon taille haute avec ceinture;extérieur;colorants acides;17; viscose; Production de fibres
500029;pantalon taille haute avec ceinture;extérieur;colorants azoïques;7;élasthanne;Preparation de fil
500030;pantalon taille haute avec ceinture;extérieur;colorants dispersés;76;polyester;Teinture et finition
500030;pantalon taille haute avec ceinture;extérieur;colorants acides;17; viscose; Production de fibres
500030;pantalon taille haute avec ceinture;extérieur;colorants azoïques;7;élasthanne;Preparation de fil
500031;pantalon taille haute avec ceinture;extérieur;colorants dispersés;76;polyester;Teinture et finition
500031;pantalon taille haute avec ceinture;extérieur;colorants acides;17; viscose; Production de fibres
500031;pantalon taille haute avec ceinture;extérieur;colorants azoïques;7;élasthanne;Preparation de fil
500032;pantalon skinny à carreaux;extérieur;colorants acides;75; viscose; Production de fibres
500032;pantalon skinny à carreaux;extérieur;colorants dispersés;22;polyester;Teinture et finition
500032;pantalon skinny à carreaux;extérieur;colorants azoïques;3;élasthanne;Preparation de fil
500033;pantalon moulants;extérieur;colorants au chrome;35;coton;Préparation de tissu
500033;pantalon moulants;extérieur;colorants dispersés;31;polyester;Teinture et finition
500033;pantalon moulants;extérieur;colorants acides;17; viscose; Production de fibres
500033;pantalon moulants;extérieur;colorants réactifs;15;lin;Distribution
500033;pantalon moulants;extérieur;colorants azoïques;2;élasthanne;Preparation de fil
500034;pantalon avec ceinture en raphia;extérieur;colorants dispersés;100;polyester;Teinture et finition
500035;pantalon imprimé;extérieur;colorants acides;100; viscose; Production de fibres
500036;pantalon de jardin;extérieur;colorants au chrome;97;coton;Préparation de tissu
500036;pantalon de jardin;extérieur;colorants azoïques;3;élasthanne;Preparation de fil
500037;pantalon large à plis;extérieur;colorants dispersés;67;polyester;Teinture et finition
500037;pantalon large à plis;extérieur;colorants acides;29; viscose; Production de fibres
500037;pantalon large à plis;extérieur;colorants azoïques;4;élasthanne;Preparation de fil
