,Noms,Marques,Prix
0,Lot De 3 Tee Shirts Classic 50475284 Blanc Noir Bleu Marine,BOSS,"44,95 €"
1,Tee Shirt Oversize Large Bugs Bunny Graff Noir,Looney Tunes,"29,99 €"
2,Tee Shirt Oversize Large Bugs Bunny Graff Beige,Looney Tunes,"29,99 €"
3,Lot De 2 Tee Shirts 7484 Blanc Noir,Tommy Jeans,"49,90 €"
4,Tee Shirt Oversize Large Taz Graff Beige,Looney Tunes,"29,99 €"
5,Tee Shirt Oversize Large Sleeves Bugs Bunny Graff Noir,Looney Tunes,"29,99 €"
6,Tee Shirt De Sport A Bandes Squad 21 GN5723 Blanc,Adidas Sportswear,"19,99 €"
7,Tee Shirt Oversize Large Taz Graff Blanc,Looney Tunes,"29,99 €"
8,Tee Shirt Oversize Large Taz Graff Noir,Looney Tunes,"29,99 €"
9,Tee Shirt Carbone Nounours Noir Noir,Sale Môme Paris,"29,99 €"
10,Tee Shirt 56605 Bleu Clair,Levi's,"17,49 €"
11,Tee Shirt Oversize UP-T311 Noir,Uniplay,"21,99 €"
12,Lot de 2 Tee Shirts Oversize 98 Noir Et Blanc,LBO,"29,99 €"
13,Tee Shirt Oversize Large Angry Bugs Bunny Noir Rose Fluo,Looney Tunes,"29,99 €"
14,Tee Shirt Oversize Large Bugs Bunny Graff Blanc,Looney Tunes,"29,99 €"
15,Tee Shirt Oversize UP-T311 Blanc,Uniplay,"21,99 €"
16,Tee Shirt Oversize T311 Bordeaux,Uniplay,"21,99 €"
17,Tee Shirt Oversize Large Paradise Roses Clothing Blanc,Luxury Lovers,"29,99 €"
18,Lot De 3 Tee Shirts Classic 50475284 Blanc Noir Gris Chiné,BOSS,"44,95 €"
19,Tee Shirt Simple Dome Blanc,The North Face,"29,99 €"
20,Tee Shirt Oversize A Rayures 2844 Noir Blanc Beige,LBO,"20,99 €"
21,Tee Shirt Oversize Blanc,Urban Classics,"15,99 €"
22,Tee Shirt Oversize Slim Jaspe 9586 Rose,Tommy Jeans,"29,90 €"
23,Tee Shirt Oversize Large Tweety Graff Beige,Looney Tunes,"29,99 €"
24,Tee Shirt Oversize Large Roses Beige Vintage Noir,Luxury Lovers,"29,99 €"
25,Tee Shirt Why So Serious METDKTMTS004 Noir,DC Comics,"19,99 €"
26,Tee Shirt Oversize Large Art Series 2 Blanc,Teddy Yacht Club,"29,99 €"
27,Tee Shirt Oversize A Bandes 2470 Blanc Beige,LBO,"20,99 €"
28,Lot De 3 Tee Shirts Classic 50475284 Noir Bleu Marine Gris Anthracite Chiné,BOSS,"44,95 €"
29,Tee Shirt Tricolore 1543 Kaki Blanc Noir,LBO,"20,99 €"
30,Tee Shirt Oversize UP-T311 Rose Clair,Uniplay,"21,99 €"
31,Tee Shirt Simple Dome Noir,The North Face,"29,99 €"
32,Tee Shirt A Bandes 3 Stripes GN3494 Blanc,Adidas Originals,"32,99 €"
33,Tee Shirt Red Box 0A2T Blanc Noir,The North Face,"34,99 €"
34,Tee Shirt Morpion Noir Rouge,Sale Môme Paris,"29,99 €"
35,Tee Shirt Oversize T311 Camel,Uniplay,"21,99 €"
36,Tee Shirt Oversize Large 2221 Beige,LBO,"19,99 €"
37,Tee Shirt A Bandes Squad 21 GN5720 Noir,Adidas Sportswear,"19,99 €"
38,Tee Shirt Oversize UP-T311 Vert Kaki,Uniplay,"21,99 €"
39,Tee Shirt 56605 Gris Anthracite Chiné,Levi's,"25,00 €"
40,Tee Shirt 56605 Noir,Levi's,"25,00 €"
41,Tee Shirt 56605 Blanc,Levi's,"25,00 €"
42,Tee Shirt Oversize Large Rose Noir Blanc,Luxury Lovers,"29,99 €"
43,Tee Shirt Oversize Large Sleeves Bugs Bunny Graff Beige,Looney Tunes,"29,99 €"
44,Tee Shirt Oversize Large Bandana Taz Noir Bleu Turquoise,Looney Tunes,"29,99 €"
45,Tee Shirt Lapin King Noir Rose Fluo,Sale Môme Paris,"29,99 €"
46,Tee Shirt Nounours King Blanc Orange Fluo,Sale Môme Paris,"29,99 €"
47,Lot de 2 Tee Shirts Oversize Large 2567 Noir Blanc,LBO,"35,99 €"
48,Tee Shirt A Bandes 3 Stripes GN3495 Noir,Adidas Originals,"32,99 €"
49,Tee Shirt Essential 4544 Noir,Calvin Klein,"39,90 €"
50,Tee Shirt Saturn SLB17166 Noir,Ellesse,"24,99 €"
51,Tee Shirt A Bandes Simpson SLB19569 Noir,Ellesse,"29,69 €"
52,Tee Shirt A Bandes Judo SLB10139 Blanc,Ellesse,"29,99 €"
53,Tee Shirt De Sport A Bandes Squad 21 GN8091 Bordeaux,Adidas Sportswear,"19,99 €"
54,Tee Shirt Oversize Large Art Series Pink Blanc,Teddy Yacht Club,"29,99 €"
55,Lot De 2 Tee Shirts Simple Dome A2TX5 Blanc Noir,The North Face,"57,99 €"
56,Tee Shirt Dégradé Logo Blanc Noir,DC Comics,"25,99 €"
57,Tee Shirt A Bandes Simpson SLB19569 Blanc,Ellesse,"29,69 €"
58,Tee Shirt CN 2916 Blanc,Tommy Hilfiger,"39,90 €"
59,Tee Shirt Chest Goku Kanji Noir Orange,Dragon Ball Z,"24,99 €"
60,Tee Shirt Oversize Large Art Series Nounours Noir,Teddy Yacht Club,"29,99 €"
61,Tee Shirt Col V Tawax Blanc,Teddy Smith,"19,99 €"
62,Tee Shirt Capuche Oversize 463 Noir,LBO,"29,99 €"
63,Tee Shirt Oversize Imprimé Avec Revers 2426 Tropical Beige Blanc,LBO,"20,99 €"
64,Tee Shirt Oversize Noir,Urban Classics,"15,99 €"
65,Tee Shirt A6CBT Camel,Timberland,"29,99 €"
66,Tee Shirt OL Classic YD Stripe M1011513A Blanc,Superdry,"29,99 €"
67,Tee Shirt Lapin Noir Rose Fluo,Sale Môme Paris,"29,99 €"
68,Tee Shirt Oversize Large Cash Is King Vert Kaki,Teddy Yacht Club,"29,99 €"
69,Tee Shirt A Bandes Adicolor Classics HE9547 Rouge,Adidas Originals,"32,99 €"
70,Tee Shirt A Bandes Logo Premium Fit 774 Noir Doré,Final Club,"29,99 €"
71,Tee Shirt Easy A2TX3FN4 Blanc,The North Face,"34,99 €"
72,Lot De 3 Tee Shirts Crew-Neck Premium Essentials Blanc Noir Gris,Tommy Hilfiger,"49,90 €"
73,Tee Shirt Red Box Noir,The North Face,"34,99 €"
74,Lot De 3 Tee Shirts Jake Round Neck Blanc Gris Chiné Noir,Diesel,"39,59 €"
75,Tee Shirt 56605 Vert,Levi's,"25,00 €"
76,Tee Shirt Oversize Large Essentials Art Series Pink Blanc,Teddy Yacht Club,"29,99 €"
77,Tee Shirt Oversize Large 2571 Vert Kaki,LBO,"19,99 €"
78,Tee Shirt Oversize Large Art Series Marker Noir Vert Fluo,Teddy Yacht Club,"29,99 €"
79,Tee Shirt Charing Noir,Pepe Jeans,"29,99 €"
80,Tee Shirt Manches Longues Logo 9096 Noir,Tommy Hilfiger,"59,90 €"
81,Tee Shirt A Bandes RN 0562 Blanc,Tommy Hilfiger,"44,90 €"
82,Tee Shirt Essential 4544 Blanc,Calvin Klein,"39,90 €"
83,Tee Shirt MEAMERCTS036 Bleu Marine,Captain America,"17,99 €"
84,Tee Shirt Oversize 90 Blanc,LBO,"19,99 €"
85,Lot De 6 Tee Shirts Classic 50475284 Noir Blanc Bleu Marine,BOSS,"79,99 €"
86,Tee Shirt Tommy Logo 1797 Jaune Clair,Tommy Hilfiger,"49,90 €"
87,Lot de 2 Tee Shirts Oversize Large 2568 Blanc Beige,LBO,"35,99 €"
88,Tee Shirt Manches Longues A Bandes 3 Stripes GN3477 Blanc,Adidas Originals,"37,99 €"
89,Lot de 2 Tee Shirts Oversize 694 Noir Et Blanc,LBO,"37,99 €"
90,Tee Shirt Chest Bleu Marine,NASA,"24,99 €"
91,Tee Shirt Oversize Large Angry Bugs Bunny Monogram Noir Beige,Looney Tunes,"29,99 €"
92,Tee Shirt Oversize Large Art Series Pink Noir,Teddy Yacht Club,"29,99 €"
93,Tee Shirt Oversize Large Sleeves Taz Graff Noir,Looney Tunes,"29,99 €"
94,Lot De 2 Tee Shirts 56605 Noir Blanc,Levi's,"49,99 €"
95,Tee Shirt Oversize Nation Noir Blanc,Piraterie Music,"29,99 €"
96,Tee Shirt Oversize Large Obsidian Luxury Zip Noir Rose Fluo,Teddy Yacht Club,"49,99 €"
97,Tee Shirt Holo Laser Lapin Blanc,Sale Môme Paris,"29,99 €"
98,Tee Shirt Stretch Slim 0800 Beige Clair,Tommy Hilfiger,"39,90 €"
99,Tee Shirt Oversize Imprimé Avec Revers 2143 Tropical Noir,LBO,"20,99 €"
100,Tee Shirt Dri-FIT Blanc,Nike,"26,99 €"
101,Tee Shirt One Piece 2110179 Noir,Project X Paris,"29,95 €"
102,Tee Shirt Oversize Large 2958 Vert Kaki,LBO,"20,99 €"
103,Tee Shirt 2310019 Noir,Project X Paris,"29,99 €"
104,Tee Shirt CN Tee Logo 2916 Noir,Tommy Hilfiger,"39,90 €"
105,Tee Shirt Oversize Large Paradise Roses Clothing Noir,Luxury Lovers,"29,99 €"
106,Tee Shirt A Bandes HK7279 Bleu Marine,Adidas Originals,"32,99 €"
107,Tee Shirt Nounours Rose Noir,Sale Môme Paris,"29,99 €"
108,Tee Shirt Poche 2405 Blanc Beige,LBO,"19,99 €"
109,Tee Shirt Bicolore Avec Broderie 737 Rose Fluo,Final Club,"23,99 €"
110,Tee Shirt De Sport Manches Longues A Bandes Squad 21 GN5792 Noir,Adidas Sportswear,"25,00 €"
111,Tee Shirt HJ7979 Bleu Ciel,Adidas Originals,"27,99 €"
112,Tee Shirt Oversize Large 2140 Blanc,LBO,"19,99 €"
113,Tee Shirt Slim Fit Avec Bandes Et Broderie 732 Orange Fluo,Final Club,"20,99 €"
114,Tee Shirt Essential Tommy 0800 Bleu Marine,Tommy Hilfiger,"39,90 €"
115,Tee Shirt Manches Longues A Bandes Squad 21 GN5793 Blanc,Adidas Sportswear,"24,99 €"
116,Tee Shirt Dri-FIT Noir,Nike,"23,99 €"
117,Tee Shirt Noir,PSG,"22,99 €"
118,Tee Shirt Oversize Large Sleeve Taz Blanc,Looney Tunes,"29,99 €"
119,Tee Shirt Oversize Large Angry Bugs Bunny Noir Vert Fluo,Looney Tunes,"29,99 €"
120,Tee Shirt Oversize Large Daffy Duck Graff Noir,Looney Tunes,"29,99 €"
121,Tee Shirt Redbox A2TX2 Orange,The North Face,"34,99 €"
122,Tee Shirt Oversize Large Femme Art Series Pink Blanc,Teddy Yacht Club,"29,99 €"
123,Tee Shirt Premium 1092 Vert Menthe,Final Club,"29,99 €"
124,Tee Shirt Oversize Large Tweety Graff Blanc,Looney Tunes,"29,99 €"
125,Tee Shirt Oversize Large 0103 Noir,LBO,"19,99 €"
126,Tee Shirt A Bandes Fede SLB05907 Blanc,Ellesse,"29,99 €"
127,Tee Shirt Oversize Large 2912 Beige,LBO,"20,99 €"
128,Tee Shirt Oversize Imprimé Avec Revers 2865 Tropical Blanc Bleu,LBO,"20,99 €"
129,Tee Shirt Réfléchissant Logo Noir Argent,Sale Môme Paris,"29,99 €"
130,Tee Shirt Piraterie Music Blanc Noir,Piraterie Music,"29,99 €"
131,Tee Shirt MW0MW10800 Rouge,Tommy Hilfiger,"39,90 €"
132,Lot De 3 Tee Shirts 50480088 Blanc Bleu Marine Vert Kaki Clair,HUGO,"44,95 €"
133,Tee Shirt Institutional Logo 2344 Orange,Calvin Klein,"39,90 €"
134,Tee Shirt Oversize Large Femme Art Series Pink Noir,Teddy Yacht Club,"29,99 €"
135,Tee Shirt Oversize Large 2909 Blanc,LBO,"20,99 €"
136,Tee Shirt RN 24 50483644 Noir,BOSS,"34,95 €"
137,Tee Shirt Oversize Large Art Series Blue Front Bleu Roi,Teddy Yacht Club,"29,99 €"
138,Tee Shirt HCP155C Bleu Marine Rouge,PSG,"25,00 €"
139,Tee Shirt Monologo Regular 3483 Noir,Calvin Klein,"39,90 €"
140,Tee Shirt Nounours Graffiti Orange,Sale Môme Paris,"29,99 €"
141,Tee Shirt Gorille Graffiti Rouge,Sale Môme Paris,"29,99 €"
142,Tee Shirt Lapin Graffiti Rose,Sale Môme Paris,"29,99 €"
143,Tee Shirt 56605 Vert Foncé Chiné,Levi's,"25,00 €"
144,Lot De 2 Tee Shirts Manches Longues Dinton 20713862 Noir,Blend,"24,95 €"
145,Tee Shirt Oversize Large Vice City Los Angeles Noir,Luxury Lovers,"29,99 €"
146,Lot De 5 Tee Shirts Oversize Brody Blanc Bleu Marine Noir Vert Kaki Bordeaux,Jack And Jones,"59,99 €"
147,Tee Shirt De Sport A Bandes GN6726 Bleu Clair,Adidas Sportswear,"19,99 €"
148,Tee Shirt Manches Longues A Bandes 3 Stripes GN3478 Noir,Adidas Originals,"34,19 €"
149,Tee Shirt Core Tommy Logo 1465 Noir,Tommy Hilfiger,"49,90 €"
150,Tee Shirt Slim Fit Tricolore 727 Anthracite Blanc Camel,LBO,"16,79 €"
151,Tee Shirt Tommy Logo 1797 Rouge,Tommy Hilfiger,"49,90 €"
152,Tee Shirt Texturé Waffle Large 0212 Beige Clair,LBO,"19,99 €"
153,Tee Shirt Texturé Square Large 0170 Noir,LBO,"20,99 €"
154,Tee Shirt Premium 1089 Rose,Final Club,"29,99 €"
155,Tee Shirt Oversize Imprimé Avec Revers 2921 Floral Noir,LBO,"20,99 €"
156,Tee Shirt Corp Logo Blanc,Jack And Jones,"12,99 €"
157,Tee Shirt Oversize Large Front And Sleeve Vert Kaki Blanc,One Piece,"29,99 €"
158,Tee Shirt Oversize Large Front And Sleeve Noir Blanc,One Piece,"29,99 €"
159,Tee Shirt Capuche Oversize 2612 Vert Kaki,LBO,"29,99 €"
160,Tee Shirt Oversize Large Front And Sleeve Blanc Noir,One Piece,"29,99 €"
161,Tee Shirt A Rayures 2493 Blanc Bleu Marine Rouge,LBO,"20,99 €"
162,Tee Shirt Oversize Large Roses Barbed Noir,Luxury Lovers,"29,99 €"
163,Tee Shirt Oversize Large Roses Barbed Blanc,Luxury Lovers,"29,99 €"
164,Tee Shirt Original Stretch Blanc,Pepe Jeans,"24,99 €"
165,Tee Shirt Manches Longues A Bandes Squad 21 GN5790 Bleu Marine,Adidas Sportswear,"24,99 €"
166,Tee Shirt Essential GN3415 Blanc,Adidas Originals,"27,99 €"
167,Tee Shirt De Sport A Bandes Squad 21 GN5725 Blanc,Adidas Sportswear,"19,95 €"
168,Lot De 2 Tee Shirts KE1010 Blanc,Nike,"31,99 €"
169,Tee Shirt Original 4411 Blanc,Tommy Jeans,"29,90 €"
170,Tee Shirt Oversize Large Sleeves Taz Graff Beige,Looney Tunes,"29,99 €"
171,Tee Shirt Oversize Large Bandana Titi Noir Bleu Turquoise,Looney Tunes,"29,99 €"
172,Tee Shirt M22068C Blanc,OM,"22,99 €"
173,Tee Shirt Maillot Bleu Marine,Foot,"27,99 €"
174,Tee Shirt Saturn SLB17166 Noir Doré,Ellesse,"24,99 €"
175,Lot De 2 Tee Shirts Charing Blanc Noir,Pepe Jeans,"54,99 €"
176,Tee Shirt Lewis Hamilton 701221822 Saumon,AMG Mercedes,"39,99 €"
177,Tee Shirt Avec Boutons 2686 Beige,LBO,"20,99 €"
178,Tee Shirt Oversize Large 2672 Rouge,LBO,"19,99 €"
179,Tee Shirt Oversize A Rayures 2495 Noir Blanc Beige,LBO,"20,99 €"
180,Tee Shirt Oversize Large Roses Vert Kaki Blanc,Luxury Lovers,"29,99 €"
181,Tee Shirt Oversize Avec Revers 2322 Gris Anthracite Chiné,LBO,"20,99 €"
182,Tee Shirt Camouflage Logo Vert Kaki Orange Fluo,Piraterie Music,"29,99 €"
183,Tee Shirt Arnold 39593 Noir,Sergio Tacchini,"19,99 €"
184,Tee Shirt Piraterie Music Noir Blanc,Piraterie Music,"29,99 €"
185,Tee Shirt Tricolore Avec Broderie 440 Blanc Camel Noir,Final Club,"29,99 €"
186,Tee Shirt Team Logo New York Yankees 11863695 Bordeaux,New Era,"29,99 €"
187,Tee Shirt Oversize Large X-Ray Edition Blanc,Teddy Yacht Club,"29,99 €"
188,Tee Shirt 16143 Noir,Levi's,"24,50 €"
189,Tee Shirt Tommy Logo 1797 Rose,Tommy Hilfiger,"49,90 €"
190,Tee Shirt 2210188 Beige,Project X Paris,"29,99 €"
191,Tee Shirt Oversize Vert Kaki,Frilivin,"14,99 €"
192,Tee Shirt A Rayures Stretch Slim 0800 Rouge Blanc,Tommy Hilfiger,"39,90 €"
193,Tee Shirt Jura 39966 Bleu Marine Blanc,Sergio Tacchini,"34,99 €"
194,Tee Shirt A Bandes H44526 Blanc,Adidas Sportswear,"19,99 €"
195,Tee Shirt Essential N4 2310544 Noir,Le Coq Sportif,"22,74 €"
196,Tee Shirt 56605 Rouge,Levi's,"25,00 €"
197,Tee Shirt M2BP47-K7HD0 Noir,Guess,"33,68 €"
198,Tee Shirt Oversize Large 2223 Bleu Ciel,LBO,"19,99 €"
199,Tee Shirt Large Premium Gold Signature 1021 Noir,Final Club,"26,99 €"
200,Tee Shirt A Bandes HK7278 Jaune Orangé,Adidas Originals,"32,99 €"
201,Tee Shirt Oversize Imprimé Avec Revers 2468 Tropical Blanc Gris,LBO,"20,99 €"
202,Tee Shirt Oversize Large Art Series Blanc,Teddy Yacht Club,"29,99 €"
203,Tee Shirt A Bandes 0562 Gris Chiné,Tommy Hilfiger,"44,90 €"
204,Tee Shirt Oversize Dégradé Avec Broderie 015 Bleu Et Blanc,Final Club,"29,99 €"
205,Tee Shirt De Sport Entrada 18 Jersey CD8438 Blanc,Adidas Sportswear,"17,99 €"
206,Tee Shirt Oversize Large Art Series Blue Beige,Teddy Yacht Club,"29,99 €"
207,Tee Shirt Oversize Large Coyote Graff Noir,Looney Tunes,"29,99 €"
208,Tee Shirt Oversize Large Sylvester Graff Blanc,Looney Tunes,"29,99 €"
209,Tee Shirt Oversize Slim Jasper 9586 Bleu Chiné,Tommy Jeans,"29,90 €"
210,Tee Shirt 50495484 Noir,BOSS,"34,95 €"
211,Lot De 2 Tee Shirts Essential GN3415 GN3416 Blanc Noir,Adidas Originals,"49,99 €"
212,Tee Shirt Corp Logo Blanc,Jack And Jones,"12,99 €"
213,Tee Shirt Oversize Large Essentials Art Series Orange Beige,Teddy Yacht Club,"29,99 €"
214,Tee Shirt Paris Blanc,PSG,"17,99 €"
215,Tee Shirt Capuche Oversize Blanc Renaissance,John H,"24,99 €"
216,Tee Shirt Classico Blanc,Comme Des Loups,"29,90 €"
217,Tee Shirt Oversize TB638 Beige,Urban Classics,"15,99 €"
218,Tee Shirt Kakashi MENARUTTS025 Noir,Naruto,"19,99 €"
219,Lot De 2 Tee Shirts Bourne 2 SLB19568 Noir Blanc,Ellesse,"44,99 €"
220,Tee Shirt Brand Love Small Logo 0033 Noir,Tommy Hilfiger,"39,90 €"
221,Tee Shirt Sale Clown Noir Rouge,Sale Môme Paris,"29,99 €"
222,Tee Shirt Oversize Badge Turn Up Sleeve 5319 Marron,Calvin Klein,"34,90 €"
223,Tee Shirt Oversize Large Paradise Roses Clothing Beige Vintage,Luxury Lovers,"29,99 €"
224,Tee Shirt Noir,OM,"16,99 €"
225,Tee Shirt Oversize Large Avec Broderie 1064 Rose pale,Final Club,"29,99 €"
226,Tee Shirt Chest Kame Kanji Noir Blanc,Dragon Ball Z,"24,99 €"
227,Tee Shirt Manches Longues 72848 Blanc,Levi's,"35,00 €"
228,Tee Shirt Majin Chest Rose Clair Noir,Dragon Ball Z,"24,99 €"
229,Tee Shirt Oversize Large 2570 Bordeaux,LBO,"19,99 €"
230,Tee Shirt SLB17166 Blanc,Ellesse,"24,99 €"
231,Tee Shirt Naruto Akatsuki 005 Noir,Comme Des Loups,"34,90 €"
232,Tee Shirt Naruto Uchiwa 012 Noir,Comme Des Loups,"34,90 €"
233,Tee Shirt Zoro Katana Noir,One Piece,"29,99 €"
234,Tee Shirt Manhattan2 Beige Camel Clair,Comme Des Loups,"34,90 €"
235,Tee Shirt Amalfi Rose,Comme Des Loups,"34,90 €"
236,Tee Shirt Oversize Large Vice City Los Angeles Blanc,Luxury Lovers,"29,99 €"
237,Tee Shirt A Bandes Majin Buu Blanc,Dragon Ball Z,"29,99 €"
238,Tee Shirt Gorille Noir Jaune Fluo,Sale Môme Paris,"29,99 €"
239,Tee Shirt A Bandes Logo Premium Fit 938 Rose Fluo,Final Club,"20,99 €"
240,Tee Shirt A Bandes Logo Premium Fit 937 Bleu Pastel,Final Club,"29,99 €"
241,Tee Shirt Oversize Imprimé Avec Revers 2170 Graffiti Noir,LBO,"20,99 €"
242,Tee Shirt Slim Fit Avec Bandes Et Broderie 730 Jaune Fluo,Final Club,"20,99 €"
243,Tee Shirt Original Basic Blanc,Pepe Jeans,"19,90 €"
244,Tee shirt Original Stretch Bleu Marine,Pepe Jeans,"24,99 €"
245,Tee Shirt V2V Noir Blanc,Da Uzi,"24,99 €"
246,Tee Shirt Oversize Premium A Bande 617 Bleu Pastel,Final Club,"20,99 €"
247,Tee Shirt De Sport Manches Longues A Bandes Squad 21 GN5791 Rouge,Adidas Sportswear,"24,99 €"
248,Tee Shirt A Bandes Kame Chest Blanc,Dragon Ball Z,"29,99 €"
249,Tee Shirt Oversize Avec Bandes Bleu Blanc Rouge 1391 Blanc,LBO,"20,99 €"
250,Tee Shirt Core Tommy Logo 1465 Blanc,Tommy Hilfiger,"49,90 €"
251,Tee Shirt De Sport A Bandes Olive Et Tom New Team 1 Blanc Bleu Roi,Okawa Sport,"39,99 €"
252,Tee Shirt Bloody Skull Noir,Marvel,"19,99 €"
253,Tee Shirt Tawax Noir,Teddy Smith,"19,99 €"
254,Tee Shirt 2310019 Saumon,Project X Paris,"29,99 €"
255,Tee Shirt Oversize Noa Beige,Jack And Jones,"14,99 €"
256,Tee Shirt Tommy Logo 1797 Bleu Roi,Tommy Hilfiger,"49,90 €"
257,Tee Shirt Oversize Large Blanc Bleu Clair,ADJ,"29,99 €"
258,Tee Shirt Tommy Logo 1797 Orange Clair,Tommy Hilfiger,"49,90 €"
259,Tee Shirt Oversize TB638 Vert Foncé,Urban Classics,"15,99 €"
260,Tee Shirt Texturé Waffle Large 0211 Beige Foncé,LBO,"19,99 €"
261,Tee Shirt Col V Bleu Roi Chiné,MTX,"14,99 €"
262,Tee Shirt Oversize Large 2310045 Blanc,Project X Paris,"29,99 €"
263,Tee Shirt Premium 1087 Blanc,Final Club,"29,99 €"
264,Tee Shirt Oversize Large Maison De Couture Blue Sapphire Blanc,Teddy Yacht Club,"39,99 €"
265,Tee Shirt De Sport A Bandes Challenger 1365408 Gris Anthracite,Under Armour,"25,99 €"
266,Tee Shirt Easy A2TX3 Jaune,The North Face,"34,99 €"
267,Tee Shirt Logo Tape 3253 Noir,Calvin Klein,"49,90 €"
268,Tee Shirt Housemark 56605 Orange,Levi's,"27,00 €"
269,Tee Shirt Dunstan River Beige,Timberland,"29,99 €"
270,Tee Shirt Jared 39915 Orange,Sergio Tacchini,"24,99 €"
271,Tee Shirt Oversize 322 Noir,LBO,"19,99 €"
272,Tee Shirt Institutional 2552 Blanc,Calvin Klein,"39,90 €"
273,Tee Shirt Institutional 2552 Noir,Calvin Klein,"39,90 €"
274,Lot De 2 Tee Shirts Slim 5381 Noir Blanc,Tommy Jeans,"54,90 €"
275,Lot De 2 Tee Shirts Manches Longues Dinton 20713862 Blanc,Blend,"24,95 €"
276,Tee Shirt Oversize Large Avec Broderie Half 1053 Noir Blanc,Final Club,"24,49 €"
277,Tee Shirt Oversize Large NASA Signature 1029 Blanc Bleu Pastel,Final Club,"25,19 €"
278,Lot De 2 Tee Shirts 111647-CC722 Gris Chiné Noir,Emporio Armani,"54,99 €"
279,Tee Shirt Oversize Large Maison Couture Gradient Limited Noir,Teddy Yacht Club,"39,99 €"
280,Tee Shirt Oversize Large Aloha Series Back Noir,Teddy Yacht Club,"29,99 €"
281,Tee Shirt Oversize Large Paradise Red Roses Blanc,Luxury Lovers,"29,99 €"
282,Tee Shirt Oversize Dégradé Avec Broderie 980 Damier Noir,Final Club,"29,99 €"
283,Tee Shirt Capuche Oversize 2503 Beige,LBO,"29,99 €"
284,Tee Shirt Amalfi Bleu Clair,Comme Des Loups,"34,90 €"
285,Tee Shirt Genova Noir,Comme Des Loups,"29,90 €"
286,Tee Shirt Oversize Large Rose Blanc Noir,Luxury Lovers,"29,99 €"
287,Tee Shirt Premium Print Back 923 Bleu Pastel,Final Club,"20,99 €"
288,Tee Shirt Oversize Large 2222 Rose,LBO,"19,99 €"
289,Tee Shirt Tricolore Avec Broderie 977 Blanc Noir Bleu Pastel,Final Club,"29,99 €"
290,Tee Shirt Imprimé Sunset 2214 Beige Rouge,LBO,"20,99 €"
291,Tee Shirt Bat N1 2210554 Blanc,Le Coq Sportif,"34,99 €"
292,Tee Shirt Oversize 1696 Blanc,LBO,"20,99 €"
293,Tee Shirt Essential GN3416 Noir,Adidas Originals,"27,99 €"
294,Tee Shirt A Bandes Squad 21 GN5722 Rouge,Adidas Sportswear,"19,99 €"
295,Tee Shirt Blanc,Urban Classics,"12,99 €"
296,Tee Shirt Noir,Urban Classics,"12,99 €"
297,Tee Shirt Oversize A Bandes 1213 Camel Noir,LBO,"20,99 €"
298,Tee Shirt Oversize Slim Fit T2072 Noir Blanc Dégradé,John H,"21,99 €"
299,Tee Shirt Poche 20709766 Blanc,Blend,"12,95 €"
300,Tee Shirt Poche 191 Gris Anthracite Blanc,LBO,"19,99 €"
301,Lot De 3 Tee Shirts Jake V Neck Blanc Gris Chiné Noir,Diesel,"39,59 €"
302,Tee Shirt Carbone Lapin Rose Noir,Sale Môme Paris,"29,99 €"
303,Tee Shirt Carbone Lapin Noir Noir,Sale Môme Paris,"29,99 €"
304,Tee Shirt Oversize Large Art Series Blue Bleu Roi,Teddy Yacht Club,"29,99 €"
305,Tee Shirt Oversize Large Daffy Duck Graff Blanc,Looney Tunes,"29,99 €"
306,Tee Shirt Oversize Large Sleeves Tweety Graff Beige,Looney Tunes,"29,99 €"
307,Tee Shirt NBA Cut And Sew Los Angeles Lakers 60357086 Violet Noir Blanc,New Era,"44,99 €"
308,Tee Shirt NBA Sky AOP Los Angeles Lakers 60357118 Bleu Clair Violet Dégradé,New Era,"44,99 €"
309,Tee Shirt Rouge,Classic Series,"15,99 €"
310,Tee Shirt Mixed Institutional 2511 Noir,Calvin Klein,"49,90 €"
311,Tee Shirt Oversize Large M23639ETS Noir,Sixth June,"39,90 €"
312,Tee Shirt Femme 1426 Blanc,Calvin Klein,"39,90 €"
313,Tee Shirt Classic Signature 6841 Blanc,Tommy Jeans,"44,90 €"
314,Tee Shirt Oversize 3482 Orange Clair,Calvin Klein,"34,90 €"
315,Tee Shirt Logo Rose Noir,Piraterie Music,"29,99 €"
316,Tee Shirt Logo Gris Chiné Noir,Piraterie Music,"29,99 €"
317,Tee Shirt Sans Manches NBA Team Logo Chicago Bulls 60357039 Noir,New Era,"29,99 €"
318,Tee Shirt NBA Team Logo Chicago Bulls 60357046 Blanc,New Era,"37,99 €"
319,Tee Shirt Bleu Marine,Geographical Norway,"24,99 €"
320,Tee Shirt Big Logo Bleu Marine,PSG,"21,99 €"
321,Tee Shirt Wavy Noir,Jack And Jones,"14,99 €"
322,Tee Shirt Flash Rose Fluo,Comme Des Loups,"34,90 €"
323,Tee Shirt Oversize Large Sleeve Tweety Blanc,Looney Tunes,"29,99 €"
324,Tee Shirt Oversize Large Sleeve Bugs Bunny Blanc,Looney Tunes,"29,99 €"
325,Tee Shirt Oversize Large Angry Taz Noir Vert Fluo,Looney Tunes,"29,99 €"
326,Tee Shirt Oversize Large Angry Titi Noir Vert Fluo,Looney Tunes,"29,99 €"
327,Tee Shirt A Bandes HK7276 Orange Foncé,Adidas Originals,"32,99 €"
328,Tee Shirt Color Block Bleu Clair Bleu Marine,OM,"22,99 €"
329,Tee Shirt Oversize Large Sylvester Graff Noir,Looney Tunes,"29,99 €"
330,Tee Shirt A Bandes IC5539 Rose,Adidas Originals,"32,99 €"
331,Tee Shirt Bleu Marine Chiné,MTX,"14,99 €"
332,Tee Shirt Vert Kaki Chiné,MTX,"14,99 €"
333,Tee Shirt Floral M3GI27-I3Z14 Blanc Bleu Clair,Guess,"50,00 €"
334,Tee Shirt Oversize Large Femme Art Series Pink Bleu Ciel,Teddy Yacht Club,"29,99 €"
335,Tee Shirt Oversize Large 2959 Bleu Marine,LBO,"20,99 €"
336,Tee Shirt Oversize Beige,Frilivin,"14,99 €"
337,Tee Shirt Oversize Blanc,Frilivin,"14,99 €"
338,Ensemble Tee Shirt Et Short Jogging Noir,Uniplay,"54,99 €"
339,Tee Shirt Texturé Square Large 0172 Bleu Roi,LBO,"20,99 €"
340,Tee Shirt Lapin Néon Noir,Sale Môme Paris,"29,99 €"
341,Tee Shirt Classic A7X1T Blanc,The North Face,"29,99 €"
342,Tee Shirt Manches Longues A Bandes FIGC HS9852 Bleu Marine,Adidas Sportswear,"74,99 €"
343,Tee Shirt Premium 1088 Beige,Final Club,"29,99 €"
344,Tee Shirt Seasonal Monologo 0806 Beige,Calvin Klein,"49,90 €"
345,Tee Shirt Tobin 40109 Blanc,Sergio Tacchini,"24,99 €"
346,Tee Shirt A Bandes Lista 39986 Noir,Sergio Tacchini,"29,99 €"
347,Tee Shirt A Bandes Manchester United HT4293 Rose,Adidas Sportswear,"54,99 €"
348,Tee Shirt Oversize Large Flag Born In USA Beige Vert,NASA,"29,99 €"
349,Tee Shirt Gorille Graffiti Noir,Sale Môme Paris,"29,99 €"
350,Tee Shirt Nounours Diamanté Noir Orange Fluo,Sale Môme Paris,"29,99 €"
351,Tee Shirt M3GI56-K9RM3 Noir,Guess,"44,90 €"
352,Tee Shirt Blanc,Zayne Paris,"14,99 €"
353,Tee Shirt Oversize Large Tweety Graff Noir,Looney Tunes,"29,99 €"
354,Tee Shirt Sale Clown Blanc Orange,Sale Môme Paris,"29,99 €"
355,Tee Shirt Brand Love Small Love Logo Jaune,Tommy Hilfiger,"39,90 €"
356,Tee Shirt 50447978 Noir,HUGO,"59,95 €"
357,Tee Shirt Floral Botanical Bleu Marine,Deeluxe,"29,99 €"
358,Tee Shirt A Bandes H44529 Noir,Adidas Sportswear,"19,99 €"
359,Tee Shirt A Bandes CF1036 Bleu Marine,Adidas Sportswear,"17,99 €"
360,Tee Shirt Ticlass Basic Blanc,Teddy Smith,"21,99 €"
361,Tee Shirt Oversize Large LPNJF Noir Blanc,La Piraterie,"34,99 €"
362,Tee Shirt 16143 Noir,Levi's,"27,30 €"
363,Lot De 2 Tee Shirts A Bandes 3 Stripes GN3494 GN3495 Blanc Noir,Adidas Originals,"59,90 €"
364,Tee Shirt Manches Longues 36015 Blanc,Levi's,"31,50 €"
365,Lot de 3 Tee Shirts 12221215 Blanc Noir Bleu Marine,Jack And Jones,"37,99 €"
366,Tee Shirt Nasty Smile Snapback Noir Blanc,Sale Môme Paris,"29,99 €"
367,Tee Shirt Oversize Large Avec Broderie 1056 Beige,Final Club,"20,99 €"
368,Tee Shirt Nounours King Noir Orange Fluo,Sale Môme Paris,"29,99 €"
369,Tee Shirt Slim Femme Baby Serif Linear 4364 Noir,Tommy Jeans,"25,94 €"
370,Tee Shirt Manches Longues A Bandes Logo Premium Fit 1034 Blanc,Final Club,"39,99 €"
371,Tee Shirt Oversize Large Chicago Cap BBall Series Noir,Teddy Yacht Club,"39,99 €"
372,Tee Shirt Manhattan 2 Jaune Blanc,Comme Des Loups,"34,90 €"
373,Tee Shirt Oversize Rose,Frilivin,"16,99 €"
374,Tee Shirt Exclusion Définitive Noir Rouge,Sale Môme Paris,"29,99 €"
375,Tee Shirt A Bandes Logo Premium Fit 1010 Vert Fluo,Final Club,"29,99 €"
376,Tee Shirt Capuche Oversize 2501 Rose Pale,LBO,"29,99 €"
377,Tee Shirt MAPF1 Large Logo Gris Chiné,AMG Mercedes,"24,38 €"
378,Tee Shirt Oversize Large Paradise Roses Blanc,Luxury Lovers,"29,99 €"
379,Tee Shirt Oversize Large Cash Gun Beige Vintage,Teddy Yacht Club,"29,99 €"
380,Tee Shirt A Bandes Logo Premium Fit 959 Rouge,Final Club,"29,99 €"
381,Tee Shirt Pince Monseigneur Noir Blanc,Sale Môme Paris,"29,99 €"
382,Tee Shirt Kame Kanji Noir Blanc,Dragon Ball Z,"24,99 €"
383,Tee Shirt Manhattan2 Blanc Rose,Comme Des Loups,"34,90 €"
384,Tee Shirt 17783 Blanc,Levi's,"35,00 €"
385,Tee Shirt 17783 Noir,Levi's,"35,00 €"
386,Tee Shirt A Bandes Nastro 39685 Blanc,Sergio Tacchini,"24,99 €"
387,Tee Shirt Requin Blanc Bleu,Sale Môme Paris,"29,99 €"
388,Tee Shirt Capuche Oversize 2386 Blanc,LBO,"29,99 €"
389,Tee Shirt Oversize 2381 Beige,LBO,"20,99 €"
390,Tee Shirt Imprimé Sunset 2213 Orange,LBO,"20,99 €"
391,Tee Shirt Standard NF0A4M7X Noir,The North Face,"34,99 €"
392,Tee Shirt Slim Fit Avec Bandes Et Broderie 731 Vert Fluo,Final Club,"29,99 €"
393,Lot De 2 Tee Shirts Monogram 0199 Blanc Noir,Calvin Klein,"59,90 €"
394,Tee Shirt Poche Noel 20709766 Vert Foncé,Blend,"12,95 €"
395,Tee Shirt Joker Chest And Back Noir,DC Comics,"24,99 €"
396,Tee Shirt Squad 21 GN8092 Orange,Adidas Sportswear,"20,00 €"
397,Tee Shirt Logo Vert Kaki Blanc,DC Comics,"25,99 €"
398,Tee Shirt Simple Dome A2TX5 Gris Chiné,The North Face,"29,99 €"
399,Tee Shirt Bicolore Avec Broderie 442 Camel Noir,Final Club,"29,99 €"
400,Tee Shirt A Rayures Typy Blanc Bleu Marine,Paname Brothers,"19,99 €"
401,Tee Shirt Glow In The Dark Noir,DC Comics,"24,99 €"
402,Tee Shirt Blanc Noir,Urban Classics,"15,99 €"
403,Tee Shirt Graphic 8 D14143-336 Noir,G-Star,"34,95 €"
404,Tee Shirt 8NZTCK-Z8H4Z Noir,Armani Exchange,"46,99 €"
405,Tee Shirt Worm Logo Noir Dégradé Blanc,NASA,"24,99 €"
406,Tee Shirt Oversize Avec Bandes Noir Et Blanc 453 Blanc,LBO,"20,99 €"
407,Tee Shirt Oversize Noir,Urban Classics,"17,99 €"
408,Tee Shirt Admin Vert Kaki,NASA,"24,99 €"
409,Tee Shirt Original 4411 Noir,Tommy Hilfiger,"29,90 €"
410,Tee Shirt Oversize Large Art Series Blue Front Blanc,Teddy Yacht Club,"29,99 €"
411,Tee Shirt Capuche Manches Longues Mix And Match 50493995 Gris Anthracite Chiné,BOSS,"49,95 €"
412,Tee Shirt Classic Rib Detail Flag 6882 Jaune,Tommy Jeans,"34,90 €"
413,Tee Shirt Slim Jaspe 9586 Vert Kaki Chiné,Tommy Jeans,"29,90 €"
414,Tee Shirt A Bandes IC9343 Blanc,Adidas Sportswear,"27,99 €"
415,Tee Shirt 50491696 Vert Kaki,BOSS,"49,95 €"
416,Tee Shirt 50475828 Blanc,BOSS,"59,95 €"
417,Tee Shirt Color Monogram Graph 4700 Noir,Calvin Klein,"34,90 €"
418,Tee Shirt Beige Marron Camouflage,Ikao,"37,99 €"
419,Tee Shirt Classic Cotton Mesh 6886 Bleu Marine,Tommy Jeans,"39,90 €"
420,Tee Shirt Classic Cotton Mesh 6886 Orange,Tommy Jeans,"39,90 €"
421,Tee Shirt Circle Blanc,Jack And Jones,"14,99 €"
422,Tee Shirt Circle Bleu Marine,Jack And Jones,"14,99 €"
423,Tee Shirt Blanc,Classic Series,"15,99 €"
424,Tee Shirt CN Tee Logo 2916 Vert Kaki,Tommy Hilfiger,"39,90 €"
425,Tee Shirt Oversize Large Bleu Pétrole,Classic Series,"29,99 €"
426,Tee Shirt Noir Gris,Classic Series,"24,99 €"
427,Tee Shirt Blanc Noir,Classic Series,"24,99 €"
428,Tee Shirt Blanc,Classic Series,"24,99 €"
429,Tee Shirt Noir,Classic Series,"24,99 €"
430,Tee Shirt Stretch Slim 1535 Rouge,Tommy Hilfiger,"39,90 €"
431,Tee Shirt RWB Monotype Chest 2119 Blanc,Tommy Hilfiger,"49,90 €"
